antecedents,consequents,antecedent support,consequent support,support,confidence,lift,representativity,leverage,conviction,zhangs_metric,jaccard,certainty,kulczynski
frozenset({0.6706818369346617}),frozenset({-1.1584504456144156}),0.2,0.6,0.2,1.0,1.6666666666666667,1.0,0.08000000000000002,inf,0.5,0.3333333333333333,1.0,0.6666666666666667
frozenset({-1.1584504456144156}),frozenset({0.6706818369346617}),0.6,0.2,0.2,0.33333333333333337,1.6666666666666667,1.0,0.08000000000000002,1.2000000000000002,1.0,0.3333333333333333,0.16666666666666669,0.6666666666666667
frozenset({0.060971076084969295}),frozenset({1.2803925977843542}),0.2,0.6,0.2,1.0,1.6666666666666667,1.0,0.08000000000000002,inf,0.5,0.3333333333333333,1.0,0.6666666666666667
frozenset({1.2803925977843542}),frozenset({0.060971076084969295}),0.6,0.2,0.2,0.33333333333333337,1.6666666666666667,1.0,0.08000000000000002,1.2000000000000002,1.0,0.3333333333333333,0.16666666666666669,0.6666666666666667
