antecedents,consequents,antecedent support,consequent support,support,confidence,lift,representativity,leverage,conviction,zhangs_metric,jaccard,certainty,kulczynski
frozenset({'Butter'}),frozenset({'Bread'}),0.3333333333333333,0.6666666666666666,0.3333333333333333,1.0,1.5,1.0,0.1111111111111111,inf,0.49999999999999994,0.49999999999999994,1.0,0.75
frozenset({'Bread'}),frozenset({'Butter'}),0.6666666666666666,0.3333333333333333,0.3333333333333333,0.5,1.5,1.0,0.1111111111111111,1.3333333333333335,0.9999999999999999,0.49999999999999994,0.25,0.75
