from_item,to_item,probability
-1.224744871391589,0.0,1.0
1.224744871391589,-1.224744871391589,0.5
1.224744871391589,0.0,0.5
